,h,lam,tol,ite_f,ite_r,time_f,time_r,nm_f,nm_r,res_f,res_r,err_f,err_r,err_comp
0,32.0,0.01,1e-06,3.0,4.0,0.134873628616333,0.0635347366333007,0.0807439286290073,0.0807439247508227,0.0160577168523535,0.0160577170353525,0.4598927382376377,0.4598907011165825,6.065630635096122e-06
1,64.0,0.01,1e-06,3.0,4.0,0.9344689846038818,0.2771089076995849,0.0714748627095737,0.0714748590441585,0.0142164372120301,0.0142164373850466,0.4417275274452262,0.4417257667020926,5.523394070939362e-06
2,128.0,0.01,1e-06,3.0,4.0,8.083383083343506,1.8268070220947263,0.0594521722527258,0.0594521694703813,0.0118279551806694,0.0118279553121847,0.4089048290673031,0.4089035952065702,4.3274435087984905e-06
3,256.0,0.01,1e-06,3.0,4.0,97.9731776714325,19.078418731689453,0.0526389389755621,0.0526389362061047,0.010480243970332,0.0104802440997718,0.3892474267748828,0.389246105217666,4.393543427003762e-06
4,32.0,0.01,1e-07,3.0,4.0,0.1418778896331787,0.0610349178314209,0.0807439286290073,0.0807439247508227,0.0160577168523535,0.0160577170353525,0.4598927382376376,0.4598907011165825,6.065630635087262e-06
5,64.0,0.01,1e-07,3.0,4.0,0.9500632286071776,0.2843899726867676,0.0714748627095738,0.0714748590441581,0.0142164372120301,0.0142164373850467,0.4417275274452262,0.4417257667020928,5.523394070929675e-06
6,128.0,0.01,1e-07,3.0,4.0,7.80774712562561,1.8090848922729488,0.0594521722527257,0.0594521694703809,0.0118279551806694,0.0118279553121848,0.4089048290673031,0.4089035952065705,4.327443508685385e-06
7,256.0,0.01,1e-07,3.0,4.0,97.33628177642822,18.244704008102417,0.052638938975562,0.0526389362061054,0.010480243970332,0.0104802440997717,0.3892474267748828,0.3892461052176655,4.393543427089008e-06
8,32.0,0.01,1e-08,4.0,5.0,0.1852099895477295,0.074610948562622,0.08074392086412,0.0807439248042374,0.0160577172307818,0.0160577170326665,0.4598907269245642,0.459890696469115,1.5803510636305678e-07
9,64.0,0.01,1e-08,4.0,5.0,1.2679529190063477,0.3122737407684326,0.0714748556139226,0.0714748590878364,0.0142164375574988,0.0142164373828505,0.4417257889421989,0.4417257614096303,1.3972544901521057e-07
10,128.0,0.01,1e-08,4.0,5.0,10.328558921813965,1.9725921154022217,0.0594521671681015,0.0594521694975429,0.0118279554279022,0.0118279553108193,0.4089036108295397,0.4089035902118482,1.0325227283505045e-07
11,256.0,0.01,1e-08,4.0,5.0,129.00924491882324,18.82519173622132,0.0526389331732884,0.0526389362330576,0.0104802442520939,0.0104802440984178,0.3892461214544876,0.3892461003903506,1.1515969525710025e-07
12,32.0,0.01,1e-09,4.0,5.0,0.1836359500885009,0.0731501579284668,0.08074392086412,0.0807439248042373,0.0160577172307818,0.0160577170326665,0.4598907269245642,0.4598906964691151,1.580351063500195e-07
13,64.0,0.01,1e-09,4.0,5.0,1.2397840023040771,0.3254580497741699,0.0714748556139226,0.0714748590878367,0.0142164375574988,0.0142164373828505,0.4417257889421988,0.4417257614096301,1.397254490164012e-07
14,128.0,0.01,1e-09,4.0,5.0,10.294192790985107,1.989208698272705,0.0594521671681014,0.059452169497543,0.0118279554279022,0.0118279553108193,0.4089036108295398,0.4089035902118482,1.032522727528873e-07
15,256.0,0.01,1e-09,4.0,5.0,129.03582525253296,18.519959211349487,0.0526389331732886,0.0526389362330578,0.0104802442520939,0.0104802440984178,0.3892461214544875,0.3892461003903505,1.1515969527913245e-07
16,32.0,0.01,1e-10,5.0,6.0,0.2314028739929199,0.0827977657318115,0.0807439208644537,0.0807439247912286,0.0160577172307649,0.0160577170333206,0.4598907223139203,0.4598906964620086,1.5717164345651976e-07
17,64.0,0.01,1e-10,5.0,6.0,1.5501182079315186,0.3435549736022949,0.0714748556143215,0.0714748590771665,0.0142164375574786,0.0142164373833869,0.441725783677018,0.4417257613990156,1.3868490897325733e-07
18,128.0,0.01,1e-10,5.0,6.0,12.700518131256104,2.103931903839112,0.0594521671684718,0.059452169490896,0.0118279554278834,0.0118279553111534,0.408903605849265,0.4089035901990511,1.0213141359495384e-07
19,256.0,0.01,1e-10,5.0,6.0,161.6216549873352,19.08652186393737,0.0526389331736554,0.052638936226476,0.0104802442520754,0.0104802440987484,0.3892461166412865,0.389246100378231,1.142675825359554e-07
20,32.0,0.001,1e-06,4.0,5.0,0.1840620040893554,0.0751409530639648,0.2851555376893026,0.285155816493786,0.0058848028492493,0.0058847891717,0.345356743450848,0.3453411257545918,4.314569090506675e-05
21,64.0,0.001,1e-06,4.0,5.0,1.235840082168579,0.3103141784667969,0.2522804035506858,0.2522806550344984,0.005231222111794,0.0052312097837204,0.3498308652799769,0.3498142469380174,4.435533638050076e-05
22,128.0,0.001,1e-06,4.0,5.0,10.249675035476685,1.9613220691680908,0.2097954289242863,0.2097956087778917,0.0043641526246771,0.00436414378765,0.3415999109331814,0.3415851810145155,3.953878537623178e-05
23,256.0,0.001,1e-06,4.0,5.0,127.51601791381836,18.869612216949463,0.18580704743054,0.1858072573774345,0.003880503548407,0.0038804933052978,0.3341907946878037,0.3341769550337599,3.733177207784823e-05
24,32.0,0.001,1e-07,4.0,5.0,0.1837871074676513,0.0730800628662109,0.2851555376893023,0.2851558164937863,0.0058848028492493,0.0058847891717,0.3453567434508481,0.3453411257545917,4.314569090507048e-05
25,64.0,0.001,1e-07,4.0,5.0,1.2644431591033936,0.314769983291626,0.2522804035506853,0.2522806550344981,0.005231222111794,0.0052312097837204,0.3498308652799772,0.3498142469380174,4.435533638058097e-05
26,128.0,0.001,1e-07,4.0,5.0,10.189658164978027,1.961926937103272,0.209795428924286,0.2097956087778913,0.0043641526246771,0.0043641437876501,0.3415999109331813,0.3415851810145156,3.953878537608181e-05
27,256.0,0.001,1e-07,4.0,5.0,127.72674107551576,18.62379288673401,0.1858070474305395,0.1858072573774366,0.003880503548407,0.0038804933052978,0.3341907946878036,0.3341769550337596,3.7331772077940046e-05
28,32.0,0.001,1e-08,5.0,6.0,0.228140115737915,0.0829761028289794,0.285155555015242,0.2851555806534858,0.0058848018400473,0.0058848005995622,0.3453420894877685,0.3453407444101647,4.320787372700844e-06
29,64.0,0.001,1e-08,5.0,6.0,1.5553288459777832,0.348017930984497,0.2522804241340501,0.2522804675473733,0.0052312209174069,0.0052312188252739,0.3498150464951322,0.3498138204981813,3.863050293312897e-06
30,128.0,0.001,1e-08,5.0,6.0,12.696145057678224,2.155519962310791,0.2097954485108037,0.2097954885772506,0.0043641514909806,0.0043641495658067,0.3415857339246093,0.3415847670153042,2.9325340880554547e-06
31,256.0,0.001,1e-08,5.0,6.0,162.6035361289978,19.555482149124146,0.1858070670330263,0.1858071664170768,0.0038805024178516,0.0038804976604975,0.3341774805729135,0.3341765677526527,3.1945552353266847e-06
32,32.0,0.001,1e-09,6.0,7.0,0.2710020542144775,0.0925879478454589,0.2851555550415287,0.2851557431607832,0.0058848018385762,0.0058847927249788,0.3453416027333408,0.3453406585781068,4.095881010343618e-06
33,64.0,0.001,1e-09,6.0,7.0,1.8566679954528809,0.3767008781433105,0.2522804241626447,0.2522805987215482,0.0052312209158193,0.0052312124992585,0.349814547117029,0.3498137599889075,3.613207552127361e-06
34,128.0,0.001,1e-09,6.0,7.0,15.219769954681396,2.276278018951416,0.2097954485372117,0.2097955739282317,0.0043641514895195,0.0043641454627666,0.3415852814755967,0.341584734457252,2.6665980554113707e-06
35,256.0,0.001,1e-09,6.0,7.0,197.52769589424133,19.7514762878418,0.1858070670596862,0.1858072321798484,0.0038805024163824,0.0038804945116201,0.3341770679809908,0.3341765449644974,2.9770021884421744e-06
36,32.0,0.001,1e-10,6.0,8.0,0.2693309783935547,0.107267141342163,0.2851555550415245,0.285155741790019,0.0058848018385764,0.0058847927914017,0.3453416027333422,0.3453406520553007,4.096520357948139e-06
37,64.0,0.001,1e-10,6.0,8.0,1.8560402393341064,0.4075288772583008,0.2522804241626331,0.2522805973719108,0.0052312209158198,0.0052312125643462,0.3498145471170321,0.349813754383773,3.6136626297828512e-06
38,128.0,0.001,1e-10,6.0,8.0,15.343446969985962,2.4499340057373047,0.209795448537201,0.2097955727475492,0.00436415148952,0.0043641455195249,0.3415852814755995,0.3415847304174847,2.666791514761613e-06
39,256.0,0.001,1e-10,6.0,8.0,193.45429515838623,20.33668613433838,0.1858070670596786,0.1858072301659819,0.0038805024163827,0.0038804946080488,0.3341770679809922,0.3341765401213317,2.977425414127536e-06
40,32.0,0.0001,1e-06,5.0,6.0,0.2273898124694824,0.0845630168914794,0.3894222388312909,0.3895020337007981,0.0013799080466778,0.0013776355381818,0.2836504779105471,0.2835550444557144,0.0001838665087974
41,64.0,0.0001,1e-06,5.0,6.0,1.5574448108673096,0.3442580699920654,0.3461910865556975,0.346315333007785,0.001292444771385,0.0012890808437819,0.2983937142262206,0.2982280344023838,0.0003312225124529
42,128.0,0.0001,1e-06,4.0,5.0,10.393427848815918,2.0494773387908936,0.2878252529104133,0.2880385495457997,0.0011310185201578,0.0011229762318923,0.3057183306187323,0.3030616158260962,0.0060249051732049
43,256.0,0.0001,1e-06,4.0,5.0,131.8756399154663,20.25388193130493,0.2553768218101039,0.2555896366558281,0.0010322057124285,0.0010243917389438,0.3046119595688072,0.3021798177651069,0.0057139861871031
44,32.0,0.0001,1e-07,6.0,8.0,0.277735948562622,0.1023602485656738,0.3894376313830745,0.3894424856548502,0.0013793527948989,0.0013792108742306,0.2829211355792163,0.282841376872716,0.0002541209082491
45,64.0,0.0001,1e-07,6.0,8.0,1.8709001541137693,0.4094228744506836,0.3462085692705827,0.3462133371450352,0.0012918461234968,0.0012917131387848,0.2976374306343587,0.2975564077284454,0.0002529846525946
46,128.0,0.0001,1e-07,6.0,8.0,15.344270944595335,2.3739728927612305,0.2880721092484354,0.2880762540119099,0.0011219905234209,0.0011218796998318,0.3023861049845043,0.3023194039348907,0.0002153163498375
47,256.0,0.0001,1e-07,6.0,8.0,196.45064496994016,20.93117594718933,0.2556233980637466,0.2556279301857823,0.0010234296295711,0.0010233101948584,0.3015959895031776,0.3015161520199784,0.0002503745019561
48,32.0,0.0001,1e-08,7.0,9.0,0.3164467811584472,0.1126558780670166,0.3894384632700466,0.389444412031473,0.0013793244140882,0.0013791562816018,0.2828500298850004,0.282821584503973,7.138088283101937e-05
49,64.0,0.0001,1e-08,7.0,9.0,2.204378843307495,0.4572741985321045,0.3462095061404879,0.3462173649164954,0.0012918157914189,0.0012916049913872,0.2975638912975327,0.2975373774166445,6.571750871503355e-05
50,128.0,0.0001,1e-08,7.0,9.0,17.975746870040894,2.5446720123291016,0.2880729368510814,0.2880776946643982,0.0011219648626595,0.0011218425171144,0.302325166204933,0.3023003091324052,6.266757935787125e-05
51,256.0,0.0001,1e-08,7.0,9.0,228.00086617469788,21.46044421195984,0.2556245936180419,0.2556299236225581,0.0010233935210769,0.001023260213601,0.3015209577377308,0.3014979016115533,5.939699887455423e-05
52,32.0,0.0001,1e-09,8.0,11.0,0.3674740791320801,0.1332960128784179,0.3894385102632677,0.3894425530524416,0.0013793228671857,0.0013792087659063,0.2828288753359348,0.2828200287819772,2.118608101858473e-05
53,64.0,0.0001,1e-09,8.0,11.0,2.473737955093384,0.5016181468963623,0.346209555621741,0.3462135136060962,0.0012918142374436,0.0012917081965935,0.2975421263790315,0.297534458324944,1.9375047074359903e-05
54,128.0,0.0001,1e-09,8.0,11.0,20.664365768432617,2.9439542293548584,0.2880729863620698,0.2880762920387196,0.0011219633781189,0.0011218785245979,0.3023047617285104,0.3022984985056068,1.61328548048988e-05
55,256.0,0.0001,1e-09,8.0,11.0,259.5075602531433,22.343580961227417,0.2556246439550234,0.2556279880391768,0.0010233920518708,0.0010233085516796,0.3015012635479814,0.3014962646658754,1.5551685495817815e-05
56,32.0,0.0001,1e-10,9.0,13.0,0.405646800994873,0.1547582149505615,0.3894385108472277,0.3894426100037629,0.0013793228492839,0.0013792071625474,0.2828270436660615,0.2828195732532913,2.1302933641032647e-05
57,64.0,0.0001,1e-10,9.0,13.0,2.788894891738892,0.5620958805084229,0.3462095585350516,0.3462135880083812,0.0012918141575152,0.0012917062072697,0.2975399228976089,0.2975337006404425,1.955544256021164e-05
58,128.0,0.0001,1e-10,9.0,13.0,23.198909997940063,3.1792471408843994,0.2880729889617052,0.2880763424560478,0.0011219633092698,0.001121877233742,0.3023024805681341,0.3022979238164214,1.592174119597562e-05
59,256.0,0.0001,1e-10,9.0,13.0,296.84516501426697,23.60836887359619,0.2556246465782684,0.2556280643924669,0.0010233919842854,0.0010233066489904,0.3014990287013818,0.301495341518471,1.578140986507374e-05
60,32.0,1e-05,1e-06,7.0,9.0,0.3123228549957275,0.1130602359771728,0.4413829088253785,0.4416815971711136,0.0004648785363013,0.0004596078073374,0.207172284634706,0.2036679637174801,0.0071217073019648
61,64.0,1e-05,1e-06,7.0,9.0,2.1530356407165527,0.4417130947113037,0.3967532180614195,0.3974212373026592,0.0004793120684639,0.0004726311138566,0.2290206597356365,0.2273756077433603,0.0032630415532831
62,128.0,1e-05,1e-06,7.0,9.0,17.900657892227173,2.55215072631836,0.3331705662917486,0.3337566166389244,0.0004568127527435,0.0004516565212256,0.2451408008885785,0.2438507151433305,0.0025730421283615
63,256.0,1e-05,1e-06,7.0,9.0,231.07932209968567,21.48025417327881,0.2972500177666031,0.2977648455121321,0.0004392700870395,0.0004350818038645,0.252445972268118,0.2514338646891139,0.0020774316515628
64,32.0,1e-05,1e-07,8.0,12.0,0.3587169647216797,0.1448898315429687,0.4420516899174397,0.4422339807508266,0.0004548793121248,0.0004525645069748,0.2020367011366522,0.1992573040783108,0.0054364709597413
65,64.0,1e-05,1e-07,10.0,14.0,3.0914132595062256,0.597675085067749,0.3977047164083077,0.3977411609412152,0.0004672442903537,0.0004668981605368,0.2207231764328585,0.2203199118055323,0.0011234763144711
66,128.0,1e-05,1e-07,10.0,14.0,25.63732504844665,3.3161449432373047,0.3341966632159859,0.3342330264871478,0.000445439030326,0.0004451307790822,0.2372377690344775,0.2368339492700101,0.0010772658076767
67,256.0,1e-05,1e-07,10.0,14.0,328.42049193382263,24.87621307373047,0.2982853901019606,0.2983174941956441,0.0004286247574219,0.0004283688262519,0.2450612060261482,0.244678363933003,0.0010026320218533
68,32.0,1e-05,1e-08,12.0,18.0,0.5358288288116455,0.2071819305419922,0.4422152736700518,0.4422373909472833,0.0004527117728292,0.000452495789029,0.1988397841534065,0.1988166990735436,7.616481825589659e-05
69,64.0,1e-05,1e-08,12.0,18.0,3.7337398529052734,0.7309620380401611,0.3977234101557587,0.3977458187657703,0.0004670438409072,0.0004668530565269,0.220208555689492,0.2201828230295033,6.314316664430082e-05
70,128.0,1e-05,1e-08,12.0,20.0,30.689229011535645,4.241846084594727,0.3342178486563362,0.3342390732770928,0.0004452388373584,0.0004450790155023,0.2367023813912065,0.2366284524517569,0.0001935125041291
71,256.0,1e-05,1e-08,12.0,20.0,389.899729013443,28.429796934127808,0.2983067239272986,0.2983245024949465,0.0004284378572378,0.0004283135960675,0.2445359887096613,0.2444643505652421,0.0001794889850868
72,32.0,1e-05,1e-09,14.0,22.0,0.6314089298248291,0.2446179389953613,0.442215628662033,0.4422365615066532,0.0004527076907132,0.000452503443717,0.1988145797290993,0.1988008933740285,4.7263616456858255e-05
73,64.0,1e-05,1e-09,13.0,25.0,4.030771970748901,0.9770388603210448,0.3977238129436192,0.3977449963696788,0.0004670398081607,0.0004668596144239,0.2201650961424012,0.2201438348998336,6.468219357518321e-05
74,128.0,1e-05,1e-09,13.0,23.0,33.41236996650696,4.666864156723023,0.3342183271860939,0.3342402574857947,0.0004452346099711,0.0004450701175594,0.2366461478705804,0.2366198004246369,6.167086785345049e-05
75,256.0,1e-05,1e-09,13.0,23.0,429.4093849658966,30.175525188446045,0.2983072232131961,0.2983269635824437,0.0004284337664069,0.0004282964428797,0.2444769197299315,0.2444548103908571,5.190521107052441e-05
76,32.0,1e-05,1e-10,16.0,26.0,0.713019847869873,0.2856588363647461,0.4422156390071065,0.4422368038162735,0.0004527075822485,0.0004525011042762,0.198814986920354,0.1988011671597129,4.79162688591166e-05
77,64.0,1e-05,1e-10,17.0,30.0,5.2834179401397705,1.0940799713134766,0.3977238376835661,0.3977455533327181,0.0004670395619396,0.0004668548744998,0.2201580081485697,0.2201433445218638,4.68426896297388e-05
78,128.0,1e-05,1e-10,16.0,27.0,41.837971925735474,5.185444116592407,0.3342183523460698,0.334240486947933,0.0004452343885354,0.0004450684103085,0.2366352878223976,0.2366185171278292,4.6431341730821066e-05
79,256.0,1e-05,1e-10,16.0,27.0,529.6473662853241,32.89972805976868,0.2983072599433145,0.2983271695191624,0.0004284334753785,0.0004282950353041,0.2444643917181728,0.2444512130890753,4.086725221747958e-05
80,32.0,1e-06,1e-06,7.0,9.0,0.3123021125793457,0.1134090423583984,0.4689192664404534,0.4697850536911148,0.0003098691183092,0.0002968564655507,0.182267594983768,0.177023222878934,0.0111737068996003
81,64.0,1e-06,1e-06,7.0,9.0,2.182755708694458,0.4449622631072998,0.4262692444551933,0.4285523097238551,0.0003390391629561,0.0003283808466773,0.2036767178976858,0.1998704947070692,0.0079328301364404
82,128.0,1e-06,1e-06,7.0,9.0,18.292402982711792,2.538161039352417,0.3627086513314158,0.364369628154925,0.0003362443725398,0.0003299166404158,0.2213560652530314,0.219044470886852,0.0048264661337289
83,256.0,1e-06,1e-06,7.0,9.0,231.230742931366,22.36619281768799,0.3255519624867221,0.3270042798026311,0.0003335684332003,0.0003285570386788,0.2316161843517951,0.2297759612759461,0.0039875101916822
84,32.0,1e-06,1e-07,12.0,23.0,0.5387730598449707,0.255748987197876,0.4837475242390119,0.4849191263794154,0.0002114252922262,0.0002065432759311,0.1372631754238124,0.1347969955512497,0.0163402057474399
85,64.0,1e-06,1e-07,12.0,20.0,3.724009990692138,0.7819900512695312,0.4448744049120968,0.4460380688137719,0.0002400236826729,0.0002363015370525,0.1529318112291367,0.1485860802358052,0.0128049844697441
86,128.0,1e-06,1e-07,12.0,23.0,31.44384503364563,4.694139003753662,0.3844257462299643,0.3858045041157962,0.0002394845511138,0.0002353082578723,0.1697898755583808,0.1621412555160074,0.0160740777106274
87,256.0,1e-06,1e-07,12.0,20.0,399.1727297306061,28.636339902877808,0.3475908298429173,0.3486490203807744,0.0002462507165865,0.0002434820388362,0.1822951927072856,0.1771804545379331,0.0104799943955008
88,32.0,1e-06,1e-08,19.0,37.0,0.8493828773498535,0.392862319946289,0.4857636062034342,0.4858635584211085,0.0002037594384368,0.000203484771726,0.1360004947662722,0.1364443227371567,0.0024716601954129
89,64.0,1e-06,1e-08,19.0,40.0,5.91775107383728,1.4184629917144775,0.4467751864455372,0.4468958772658568,0.000234074360208,0.0002338107776833,0.1456847385957713,0.145728964374487,0.0028304038434962
90,128.0,1e-06,1e-08,19.0,38.0,49.57100009918213,6.830770969390869,0.3865129104140775,0.3866313910498707,0.000233768806152,0.0002335509724499,0.1590841699494668,0.158503114390308,0.0022131682410009
91,256.0,1e-06,1e-08,19.0,35.0,620.4665069580078,38.401371240615845,0.3498467750031615,0.3499570872710478,0.000240841021173,0.0002406721187967,0.1704518881212105,0.1700718141081846,0.0009213996805014
92,32.0,1e-06,1e-09,27.0,56.0,1.2003731727600098,0.581373929977417,0.4858409384423434,0.4858855726339514,0.0002035269531072,0.000203421252991,0.1366557665732639,0.1366405241559238,0.0001545613312154
93,64.0,1e-06,1e-09,28.0,51.0,8.670180082321167,1.7685999870300293,0.4468506086768339,0.4469154851729788,0.0002338914385939,0.0002337681677632,0.1458445623535934,0.1458052943896402,0.0001382343433947
94,128.0,1e-06,1e-09,26.0,50.0,68.23481178283691,8.650589227676392,0.386566669830975,0.3866479647617428,0.0002336545577896,0.0002335205196373,0.1584656366814915,0.1584199990542087,0.0002177709270345
95,256.0,1e-06,1e-09,25.0,55.0,825.1406173706055,53.4817750453949,0.3498980168400883,0.3499716308075569,0.0002407451847449,0.0002406384885577,0.1695766716895443,0.1694996189815484,0.0002872737907651
96,32.0,1e-06,1e-10,36.0,71.0,1.612781047821045,0.7313199043273926,0.4858415192869575,0.4858859642723242,0.0002035253578322,0.0002034202882505,0.1366566154143836,0.1366408013341647,8.350581695072984e-05
97,64.0,1e-06,1e-10,32.0,66.0,10.005927801132202,2.327746629714966,0.4468509641430362,0.4469170969536193,0.0002338906495084,0.0002337651104026,0.1458566970534678,0.1458182655943883,0.0001285084205732
98,128.0,1e-06,1e-10,32.0,70.0,83.30758619308472,11.591550827026367,0.3865679332207458,0.386646511015374,0.0002336521121157,0.0002335227436648,0.1584675454222903,0.1584244733401192,0.000137986429482
99,256.0,1e-06,1e-10,32.0,68.0,1054.9612879753113,61.35788893699646,0.3498990214784519,0.3499718500839536,0.0002407434586262,0.0002406381625066,0.1695389788661997,0.1694984943052163,0.0001233301222311
100,32.0,1e-07,1e-06,7.0,9.0,0.3119239807128906,0.1144382953643798,0.4735598851405648,0.4745881103307978,0.0003060351157863,0.0002925609229751,0.1799127653447999,0.1746907279086,0.0116083665518737
101,64.0,1e-07,1e-06,7.0,9.0,2.162537097930908,0.4541947841644287,0.4314655274975819,0.4341689910411472,0.0003354795754836,0.0003256373189571,0.201093591280014,0.1969960958167505,0.0089096415259299
102,128.0,1e-07,1e-06,7.0,9.0,17.84142518043518,2.5211780071258545,0.3681621848687639,0.3700738735141251,0.0003330431699605,0.0003274534989892,0.2187431773281598,0.2163275340536138,0.0052504312519509
103,256.0,1e-07,1e-06,7.0,9.0,229.41178679466248,20.837565898895264,0.3308163857221229,0.332489729543149,0.0003307734681031,0.0003263311226471,0.2292881731457912,0.2273553242992237,0.0043550508959914
104,32.0,1e-07,1e-07,26.0,36.0,1.192080020904541,0.38728928565979,0.5345618383599678,0.5219894825505694,0.0001545753544413,0.0001635715256313,0.2047413980883292,0.1701860634283416,0.0558526021350416
105,64.0,1e-07,1e-07,22.0,33.0,6.951019048690796,1.222135066986084,0.4780612335925486,0.4788309307708916,0.0002045982421679,0.000204131837527,0.1372806512207373,0.1383454912574583,0.0042881400003191
106,128.0,1e-07,1e-07,17.0,33.0,44.32342886924744,6.198965072631836,0.4167385647543695,0.4192500396898502,0.0002082117437896,0.0002063542482924,0.1368713097446527,0.1333867209757697,0.0156871980892327
107,256.0,1e-07,1e-07,17.0,30.0,567.0738949775696,183.28886818885803,0.3810777681119289,0.3837022279085641,0.0002178678560577,0.000216133319854,0.1448280098143669,0.139459240157804,0.0153500304151883
108,32.0,1e-07,1e-08,46.0,83.0,2.061321973800659,0.8660542964935303,0.5505470370406632,0.5505240624407327,0.000145146059076,0.0001451649176162,0.2443460196782442,0.2442163338969646,0.0014525346051209
109,64.0,1e-07,1e-08,42.0,92.0,13.361545085906982,3.362262964248657,0.5021704449122287,0.5025566199006049,0.0001930625567588,0.0001929415492847,0.1966180123612191,0.1973960482876233,0.0034271555843117
110,128.0,1e-07,1e-08,42.0,77.0,109.03711581230164,12.623569965362549,0.4297209275862059,0.4300739253835217,0.0002015542018067,0.0002014610852765,0.1396044986640068,0.1401631653580582,0.0023263250342518
111,256.0,1e-07,1e-08,40.0,66.0,3791.833313941956,60.8934211730957,0.3909965542553867,0.3909293080722695,0.0002129283771866,0.0002129584501368,0.1271463752837583,0.1269359215457583,0.0028157635943887
112,32.0,1e-07,1e-09,65.0,139.0,2.896728992462158,1.4037439823150637,0.5511484961604479,0.5512343401429372,0.0001448558854011,0.0001448247869843,0.2458111873171735,0.2458690867502005,0.000206211150731
113,64.0,1e-07,1e-09,64.0,116.0,20.7072970867157,4.085870027542114,0.5027806810350938,0.502876046712037,0.0001928601537837,0.0001928377357791,0.1986155944238377,0.1985458080153762,0.0012451509055564
114,128.0,1e-07,1e-09,62.0,119.0,161.48278307914734,18.78233504295349,0.4307464306759115,0.4308752371058045,0.0002012602453486,0.000201233742054,0.142667660616943,0.1426424694563056,0.0003482642766861
115,256.0,1e-07,1e-09,63.0,125.0,2081.028835773468,98.67535996437071,0.3916937993431281,0.391829027883123,0.0002127529972015,0.0002127287680499,0.1287369357672249,0.1287489556174597,0.0003491923247784
116,32.0,1e-07,1e-10,74.0,188.0,3.3205580711364746,1.8700571060180664,0.5511549494873286,0.551236216981295,0.0001448530866288,0.0001448237611209,0.2458309722475685,0.2458823573079414,0.0001804133589904
117,64.0,1e-07,1e-10,89.0,188.0,27.93419599533081,6.341807126998901,0.5027898574664087,0.50290621164338,0.0001928574206178,0.0001928283401373,0.1986349528676278,0.1986557130418236,0.0002107811743541
118,128.0,1e-07,1e-10,86.0,166.0,225.0253767967224,25.682452917099,0.4307628512039569,0.4308978050453459,0.0002012560559047,0.0002012281112698,0.1428121262584295,0.1427958409827995,0.0002299679868195
119,256.0,1e-07,1e-10,78.0,176.0,2556.483898162842,132.42530989646912,0.3917044156174589,0.3918361367336958,0.0002127506569478,0.0002127272362608,0.128828762805501,0.1288130543950965,0.0002075091420817
120,32.0,1e-08,1e-06,7.0,9.0,0.3109030723571777,0.1139311790466308,0.4740576828200178,0.4751044780602985,0.0003059926945128,0.0002925021415991,0.1796923783921271,0.1744772921191064,0.0116537977972072
121,64.0,1e-08,1e-06,7.0,9.0,2.1875598430633545,0.4476461410522461,0.4320265554348433,0.4347779419262987,0.0003354399422519,0.000325724626968,0.2008478778337762,0.1967224742496283,0.0090174004322315
122,128.0,1e-08,1e-06,7.0,9.0,18.582012176513672,2.5730788707733154,0.3687550679916384,0.3706949324090764,0.0003330071771903,0.0003275171138549,0.2184904340644241,0.2160655203678544,0.0052968111769774
123,256.0,1e-08,1e-06,7.0,9.0,224.3056678771973,21.14049410820008,0.3313890473589111,0.3330872529786453,0.0003307420146104,0.0003263764169605,0.229061626132374,0.2271202125263461,0.004395309855234
124,32.0,1e-08,1e-07,26.0,60.0,1.181696891784668,0.6168038845062256,0.5701765722755864,0.6381380392284685,0.0001484182747219,0.0001313562615997,0.2733123709957119,0.3951561297928187,0.162173515842283
125,64.0,1e-08,1e-07,22.0,104.0,6.834392070770264,3.5851941108703613,0.4854334895969714,0.7227094357749315,0.0002036771209957,0.0001702195825101,0.1424309341480732,0.540806371122226,0.485795121965809
126,128.0,1e-08,1e-07,20.0,33.0,52.77481770515442,6.071285963058472,0.4245356209717278,0.4258212352534014,0.0002062501407202,0.0002056679006361,0.133301543510799,0.1322906594702132,0.006712070542334
127,256.0,1e-08,1e-07,17.0,30.0,555.8498721122742,35.67671799659729,0.3869043796533632,0.3906299596626723,0.0002173157583422,0.000215489997644,0.14241602520855,0.1366672291653634,0.0189428562407973
128,32.0,1e-08,1e-08,103.0,233.0,4.923533916473389,2.522664785385132,0.8847885102268302,0.8874156382332825,8.818870215533801e-05,8.78223985728122e-05,0.7305841813708722,0.7337312306916974,0.0143629259545928
129,64.0,1e-08,1e-08,112.0,231.0,35.32219982147217,7.401543140411377,0.8648681462090203,0.8681075537666946,0.0001581995293694,0.0001579633237607,0.7216451216454486,0.7254506129709861,0.0126804046159078
130,128.0,1e-08,1e-08,121.0,236.0,318.59965109825134,36.043506145477295,0.6305819912616183,0.6330588225114817,0.0001883417925814,0.0001882337926619,0.4616646706373251,0.4649782639255042,0.0099497704080009
131,256.0,1e-08,1e-08,87.0,186.0,2853.6973259449005,139.98236274719238,0.4863275423907513,0.4884912986502994,0.0002075416131179,0.0002074705309198,0.2807250478129924,0.2843584755254253,0.0072879305988803
132,32.0,1e-08,1e-09,138.0,320.0,6.246124982833862,3.1776509284973145,0.8896452862293784,0.8902716099537381,8.75026256437944e-05,8.743049380031331e-05,0.7364886120532753,0.7371890668720142,0.0068573326915033
133,64.0,1e-08,1e-09,183.0,410.0,57.11720991134644,14.3889799118042,0.8761479008987778,0.8764744708203223,0.0001573766264425,0.0001573596053829,0.735226519156769,0.7355399761179752,0.0013529925161991
134,128.0,1e-08,1e-09,159.0,381.0,419.1186048984528,57.365987062454224,0.6376065611846998,0.637898414973991,0.0001880319922448,0.0001880222200497,0.4712171630794325,0.4714531101675192,0.00232582836604
135,256.0,1e-08,1e-09,165.0,347.0,5428.611728906632,247.42796397209167,0.4974169612030453,0.4976422413601932,0.0002071771320166,0.0002071723787344,0.301178079082912,0.3013182909368221,0.0007657497198111
136,32.0,1e-08,1e-10,191.0,451.0,8.493514060974121,4.557998180389404,0.8901759754006549,0.890427667258273,8.743405921774887e-05,8.741104354695716e-05,0.7371065555354601,0.7373659384329188,0.0003999486676117
137,64.0,1e-08,1e-10,205.0,568.0,64.7603850364685,18.03719973564148,0.8763123032513469,0.8765941596586552,0.0001573657182001,0.0001573516914597,0.7354327572928199,0.7356818228384796,0.0004961473029845
138,128.0,1e-08,1e-10,198.0,577.0,515.2186348438263,86.06822896003723,0.6378234655690914,0.6380121707099331,0.0001880232206114,0.000188017815474,0.4714720381271092,0.4715981850456312,0.0010708619466032
139,256.0,1e-08,1e-10,216.0,481.0,7260.745385885239,334.51344776153564,0.4976748406178749,0.4978388508622169,0.0002071697043742,0.0002071666634461,0.3015371576618775,0.3015986819668792,0.0002535239092509
